{"cameraMode":{"drawMode":0,"name":"Shaded","section":"Shading Mode"},"sceneLighting":true,"audioPlay":false,"sceneViewState":{"m_AlwaysRefresh":false,"showFog":true,"showSkybox":true,"showFlares":true,"showImageEffects":true,"showParticleSystems":true,"showVisualEffectGraphs":true,"m_FxEnabled":true},"in2DMode":false,"pivot":{"x":-0.6238112449645996,"y":-0.07549333572387696,"z":0.8323178291320801},"rotation":{"x":-0.08843516558408737,"y":0.9017292261123657,"z":-0.22096358239650727,"w":-0.3608931601047516},"size":22.881370544433595,"orthographic":false}