TestNumber,ThreadCount,tC,alg,Theta,ParticleCount,RepeatFactor,etStr,spStr,epStr
6,6,customThreads,PWI,2,1500,2,"ExecTimes:1 1230.5203 
2 703.28035 
3 525.8779 
4 458.1791 
5 445.25365 
6 409.6515 
","ParlLevels:1 1 
2 1.74968673587994 
3 2.33993537283084 
4 2.68567531779603 
5 2.76363888313998 
6 3.00382227332257 
","EffLevels:1 1 
2 0.874843367939969 
3 0.77997845761028 
4 0.671418829449008 
5 0.552727776627997 
6 0.500637045553762 
"
13,6,customThreads,PWI,2,2500,2,"ExecTimes:1 3590.94755 
2 2002.1464 
3 1474.09765 
4 1172.11045 
5 1119.46825 
6 1210.6604 
","ParlLevels:1 1 
2 1.79354893827944 
3 2.43603098478585 
4 3.06365970032943 
5 3.20772612354124 
6 2.96610639118947 
","EffLevels:1 1 
2 0.896774469139719 
3 0.812010328261949 
4 0.765914925082358 
5 0.641545224708249 
6 0.494351065198245 
"
20,6,customThreads,PWI,2,3500,2,"ExecTimes:1 6946.71865 
2 3579.00305 
3 2735.34955 
4 2576.1098 
5 2336.0163 
6 2172.97605 
","ParlLevels:1 1 
2 1.9409647192114 
3 2.53960911503979 
4 2.69659261029945 
5 2.97374579535254 
6 3.19686848366323 
","EffLevels:1 1 
2 0.970482359605701 
3 0.846536371679931 
4 0.674148152574863 
5 0.594749159070508 
6 0.532811413943871 
"
27,6,customThreads,PWI,2,5000,2,"ExecTimes:1 13721.1922 
2 7843.06625 
3 6985.6432 
4 5372.9854 
5 4978.18380000001 
6 4731.59755000001 
","ParlLevels:1 1 
2 1.74946784365107 
3 1.96419882996601 
4 2.55373710861005 
5 2.75626468432121 
6 2.89990686126718 
","EffLevels:1 1 
2 0.874733921825536 
3 0.654732943322002 
4 0.638434277152512 
5 0.551252936864243 
6 0.483317810211197 
"
